{"means": [0.47402468833920897, 0.5116119554572747, 0.42523906244414095], "std": [0.025624573501187544, 0.013059221622401621, 0.044878107058388864]}