{"means": [0.39866300221130385, 0.4179673707969979, 0.30743371162769284], "std": [0.07730897005694269, 0.0704348221913513, 0.08638347050739933]}